customer_id,customer_name,country,segment,registration_date
C00001,Customer_1,Canada,Regular,2022-06-11
C00002,Customer_2,Germany,Budget,2023-12-22
C00003,Customer_3,Canada,Budget,2023-11-01
C00004,Customer_4,France,Premium,2023-11-15
C00005,Customer_5,France,Regular,2023-11-11
C00006,Customer_6,USA,Premium,2022-09-28
C00007,Customer_7,USA,Premium,2023-07-21
C00008,Customer_8,UK,Regular,2022-10-16
C00009,Customer_9,France,Premium,2022-12-18
C00010,Customer_10,UK,Budget,2023-10-12
C00011,Customer_11,Canada,Budget,2023-05-16
C00012,Customer_12,Canada,Premium,2022-04-05
C00013,Customer_13,India,Regular,2022-10-11
C00014,Customer_14,USA,Premium,2022-12-08
C00015,Customer_15,UK,Budget,2022-09-26
C00016,Customer_16,UK,Budget,2023-03-29
C00017,Customer_17,France,Budget,2023-03-14
C00018,Customer_18,France,Premium,2022-04-25
C00019,Customer_19,USA,Budget,2022-06-02
C00020,Customer_20,France,Premium,2023-01-14
C00021,Customer_21,France,Budget,2022-06-01
C00022,Customer_22,Germany,Premium,2022-02-12
C00023,Customer_23,Canada,Regular,2022-02-10
C00024,Customer_24,Canada,Premium,2023-11-30
C00025,Customer_25,UK,Budget,2022-04-16
C00026,Customer_26,Canada,Budget,2023-02-21
C00027,Customer_27,France,Budget,2022-06-08
C00028,Customer_28,UK,Premium,2022-07-01
C00029,Customer_29,Germany,Premium,2022-07-03
C00030,Customer_30,India,Regular,2023-02-26
C00031,Customer_31,India,Budget,2022-09-12
C00032,Customer_32,Canada,Premium,2023-12-20
C00033,Customer_33,USA,Regular,2022-02-09
C00034,Customer_34,Germany,Premium,2022-07-24
C00035,Customer_35,Germany,Regular,2022-11-09
C00036,Customer_36,UK,Premium,2022-01-25
C00037,Customer_37,India,Premium,2023-02-13
C00038,Customer_38,Canada,Regular,2022-03-13
C00039,Customer_39,Canada,Regular,2023-10-19
C00040,Customer_40,France,Regular,2023-11-27
C00041,Customer_41,France,Regular,2022-01-29
C00042,Customer_42,USA,Regular,2022-07-02
C00043,Customer_43,France,Regular,2022-02-09
C00044,Customer_44,USA,Budget,2023-03-21
C00045,Customer_45,Canada,Budget,2022-11-18
C00046,Customer_46,Germany,Budget,2023-06-08
C00047,Customer_47,USA,Regular,2023-08-14
C00048,Customer_48,UK,Regular,2022-02-15
C00049,Customer_49,India,Regular,2022-01-02
C00050,Customer_50,France,Budget,2023-12-05
C00051,Customer_51,India,Budget,2023-11-18
C00052,Customer_52,UK,Regular,2023-03-18
C00053,Customer_53,USA,Budget,2022-12-05
C00054,Customer_54,France,Regular,2023-11-11
C00055,Customer_55,USA,Budget,2022-11-04
C00056,Customer_56,France,Regular,2023-11-14
C00057,Customer_57,Germany,Regular,2023-02-17
C00058,Customer_58,India,Regular,2023-07-22
C00059,Customer_59,UK,Premium,2023-03-07
C00060,Customer_60,India,Regular,2023-11-25
C00061,Customer_61,India,Premium,2023-09-23
C00062,Customer_62,France,Regular,2023-02-20
C00063,Customer_63,France,Premium,2022-11-08
C00064,Customer_64,Canada,Premium,2023-03-17
C00065,Customer_65,France,Budget,2023-11-02
C00066,Customer_66,Canada,Regular,2023-03-29
C00067,Customer_67,Germany,Budget,2022-08-07
C00068,Customer_68,France,Regular,2022-06-23
C00069,Customer_69,India,Premium,2022-10-18
C00070,Customer_70,France,Budget,2023-10-11
C00071,Customer_71,France,Regular,2022-04-06
C00072,Customer_72,UK,Budget,2022-11-14
C00073,Customer_73,UK,Premium,2022-05-31
C00074,Customer_74,USA,Premium,2022-09-08
C00075,Customer_75,Germany,Budget,2022-03-16
C00076,Customer_76,Germany,Regular,2023-10-07
C00077,Customer_77,France,Premium,2023-12-15
C00078,Customer_78,Germany,Regular,2023-02-14
C00079,Customer_79,UK,Premium,2023-11-03
C00080,Customer_80,India,Premium,2022-04-20
C00081,Customer_81,Germany,Premium,2022-06-30
C00082,Customer_82,India,Budget,2023-04-21
C00083,Customer_83,USA,Budget,2022-09-13
C00084,Customer_84,USA,Regular,2022-05-17
C00085,Customer_85,Germany,Budget,2023-06-28
C00086,Customer_86,France,Budget,2022-11-21
C00087,Customer_87,Germany,Budget,2023-06-01
C00088,Customer_88,Germany,Budget,2023-04-02
C00089,Customer_89,UK,Budget,2023-05-02
C00090,Customer_90,Germany,Regular,2022-09-11
C00091,Customer_91,India,Regular,2023-06-18
C00092,Customer_92,Germany,Budget,2022-09-02
C00093,Customer_93,Canada,Regular,2022-03-21
C00094,Customer_94,India,Regular,2022-08-29
C00095,Customer_95,Canada,Regular,2022-11-24
C00096,Customer_96,France,Premium,2022-05-22
C00097,Customer_97,UK,Premium,2023-01-28
C00098,Customer_98,India,Premium,2023-12-25
C00099,Customer_99,UK,Premium,2023-03-01
C00100,Customer_100,Germany,Regular,2023-07-10
C00101,Customer_101,Germany,Regular,2022-03-05
C00102,Customer_102,UK,Regular,2023-02-03
C00103,Customer_103,France,Budget,2022-01-21
C00104,Customer_104,France,Regular,2023-05-04
C00105,Customer_105,USA,Regular,2022-11-02
C00106,Customer_106,Germany,Regular,2023-07-06
C00107,Customer_107,India,Budget,2023-07-14
C00108,Customer_108,France,Premium,2023-05-15
C00109,Customer_109,UK,Regular,2023-03-23
C00110,Customer_110,Germany,Premium,2023-02-03
C00111,Customer_111,Canada,Budget,2023-11-27
C00112,Customer_112,Germany,Budget,2022-06-19
C00113,Customer_113,Germany,Premium,2023-09-30
C00114,Customer_114,France,Premium,2023-02-08
C00115,Customer_115,France,Budget,2023-11-10
C00116,Customer_116,USA,Premium,2023-10-21
C00117,Customer_117,Germany,Premium,2023-04-18
C00118,Customer_118,UK,Premium,2022-09-24
C00119,Customer_119,Germany,Regular,2022-08-05
C00120,Customer_120,Germany,Regular,2022-12-12
C00121,Customer_121,Germany,Regular,2023-03-08
C00122,Customer_122,Canada,Premium,2023-04-27
C00123,Customer_123,USA,Budget,2023-07-07
C00124,Customer_124,USA,Regular,2022-08-18
C00125,Customer_125,India,Premium,2023-10-30
C00126,Customer_126,USA,Premium,2022-09-11
C00127,Customer_127,UK,Premium,2023-09-29
C00128,Customer_128,UK,Premium,2022-05-10
C00129,Customer_129,Germany,Budget,2022-04-28
C00130,Customer_130,France,Premium,2023-04-22
C00131,Customer_131,India,Regular,2023-01-13
C00132,Customer_132,UK,Budget,2023-09-14
C00133,Customer_133,India,Budget,2022-04-28
C00134,Customer_134,UK,Regular,2022-04-21
C00135,Customer_135,France,Premium,2022-11-16
C00136,Customer_136,France,Budget,2023-01-20
C00137,Customer_137,Germany,Budget,2022-07-23
C00138,Customer_138,USA,Budget,2023-12-09
C00139,Customer_139,India,Premium,2022-04-15
C00140,Customer_140,India,Regular,2023-12-02
C00141,Customer_141,France,Premium,2023-08-03
C00142,Customer_142,USA,Regular,2023-06-30
C00143,Customer_143,Germany,Budget,2023-01-15
C00144,Customer_144,USA,Budget,2023-10-26
C00145,Customer_145,Canada,Premium,2023-03-07
C00146,Customer_146,Germany,Premium,2023-03-20
C00147,Customer_147,Canada,Budget,2023-04-16
C00148,Customer_148,India,Premium,2023-03-22
C00149,Customer_149,UK,Budget,2023-06-19
C00150,Customer_150,India,Regular,2023-09-23
C00151,Customer_151,France,Regular,2023-04-22
C00152,Customer_152,Germany,Budget,2023-08-30
C00153,Customer_153,Canada,Regular,2022-09-09
C00154,Customer_154,USA,Regular,2023-04-07
C00155,Customer_155,UK,Regular,2023-08-07
C00156,Customer_156,France,Budget,2023-01-24
C00157,Customer_157,Canada,Premium,2023-05-22
C00158,Customer_158,Canada,Premium,2023-05-15
C00159,Customer_159,UK,Regular,2022-09-22
C00160,Customer_160,Canada,Regular,2023-09-03
C00161,Customer_161,India,Regular,2023-07-24
C00162,Customer_162,USA,Budget,2022-07-15
C00163,Customer_163,USA,Premium,2023-02-21
C00164,Customer_164,Germany,Budget,2022-09-04
C00165,Customer_165,India,Regular,2023-10-24
C00166,Customer_166,India,Regular,2023-04-04
C00167,Customer_167,USA,Premium,2022-10-29
C00168,Customer_168,UK,Regular,2023-12-10
C00169,Customer_169,UK,Regular,2023-11-11
C00170,Customer_170,France,Regular,2023-04-30
C00171,Customer_171,France,Budget,2022-12-19
C00172,Customer_172,Germany,Budget,2023-07-18
C00173,Customer_173,Canada,Regular,2023-12-21
C00174,Customer_174,Germany,Regular,2022-11-10
C00175,Customer_175,Canada,Premium,2022-05-04
C00176,Customer_176,India,Premium,2022-11-20
C00177,Customer_177,USA,Budget,2023-07-03
C00178,Customer_178,India,Premium,2022-07-16
C00179,Customer_179,UK,Budget,2023-05-11
C00180,Customer_180,Canada,Budget,2023-08-27
C00181,Customer_181,France,Budget,2022-10-17
C00182,Customer_182,USA,Premium,2022-10-31
C00183,Customer_183,UK,Regular,2022-07-03
C00184,Customer_184,Canada,Premium,2023-12-27
C00185,Customer_185,France,Premium,2022-10-08
C00186,Customer_186,USA,Premium,2023-07-21
C00187,Customer_187,Canada,Budget,2022-05-10
C00188,Customer_188,India,Regular,2022-04-16
C00189,Customer_189,USA,Budget,2022-10-19
C00190,Customer_190,Germany,Regular,2023-03-28
C00191,Customer_191,Canada,Premium,2022-02-22
C00192,Customer_192,Canada,Regular,2022-04-27
C00193,Customer_193,USA,Regular,2023-05-19
C00194,Customer_194,USA,Budget,2023-10-07
C00195,Customer_195,India,Premium,2022-06-05
C00196,Customer_196,UK,Budget,2022-11-08
C00197,Customer_197,USA,Premium,2022-05-02
C00198,Customer_198,France,Regular,2023-09-13
C00199,Customer_199,France,Budget,2022-08-20
C00200,Customer_200,France,Regular,2023-04-07
C00201,Customer_201,Germany,Regular,2023-08-26
C00202,Customer_202,Germany,Regular,2023-08-06
C00203,Customer_203,France,Premium,2023-09-17
C00204,Customer_204,India,Premium,2022-08-01
C00205,Customer_205,India,Premium,2022-09-28
C00206,Customer_206,India,Premium,2022-06-10
C00207,Customer_207,UK,Premium,2023-07-20
C00208,Customer_208,USA,Premium,2022-01-03
C00209,Customer_209,Germany,Regular,2023-12-07
C00210,Customer_210,France,Regular,2022-10-26
C00211,Customer_211,USA,Premium,2022-10-23
C00212,Customer_212,India,Regular,2023-12-21
C00213,Customer_213,Germany,Premium,2023-12-05
C00214,Customer_214,UK,Regular,2023-10-03
C00215,Customer_215,France,Budget,2022-07-22
C00216,Customer_216,Germany,Premium,2023-07-12
C00217,Customer_217,UK,Budget,2022-06-02
C00218,Customer_218,Canada,Premium,2022-03-15
C00219,Customer_219,USA,Premium,2022-11-11
C00220,Customer_220,France,Budget,2023-08-06
C00221,Customer_221,Canada,Regular,2022-05-08
C00222,Customer_222,Germany,Budget,2022-11-08
C00223,Customer_223,India,Regular,2022-10-06
C00224,Customer_224,France,Budget,2023-05-21
C00225,Customer_225,Germany,Premium,2023-09-05
C00226,Customer_226,USA,Regular,2022-11-27
C00227,Customer_227,France,Regular,2022-01-27
C00228,Customer_228,USA,Premium,2023-11-22
C00229,Customer_229,France,Budget,2022-01-22
C00230,Customer_230,India,Regular,2023-08-14
C00231,Customer_231,USA,Premium,2023-04-27
C00232,Customer_232,France,Budget,2023-03-29
C00233,Customer_233,Canada,Premium,2023-08-23
C00234,Customer_234,Germany,Budget,2023-05-19
C00235,Customer_235,USA,Regular,2022-12-23
C00236,Customer_236,Germany,Regular,2022-11-25
C00237,Customer_237,India,Premium,2022-06-14
C00238,Customer_238,Canada,Regular,2023-12-12
C00239,Customer_239,Germany,Regular,2023-11-10
C00240,Customer_240,Germany,Budget,2022-02-07
C00241,Customer_241,Germany,Premium,2022-11-19
C00242,Customer_242,Canada,Regular,2022-04-29
C00243,Customer_243,Germany,Budget,2022-01-02
C00244,Customer_244,India,Budget,2023-04-19
C00245,Customer_245,Germany,Premium,2022-07-12
C00246,Customer_246,France,Regular,2023-09-30
C00247,Customer_247,Germany,Budget,2023-03-29
C00248,Customer_248,USA,Premium,2022-10-01
C00249,Customer_249,France,Premium,2022-10-22
C00250,Customer_250,Germany,Budget,2023-05-12
C00251,Customer_251,USA,Premium,2023-10-08
C00252,Customer_252,France,Premium,2023-12-28
C00253,Customer_253,UK,Regular,2023-07-19
C00254,Customer_254,USA,Budget,2023-02-22
C00255,Customer_255,USA,Premium,2022-04-27
C00256,Customer_256,Germany,Premium,2023-10-26
C00257,Customer_257,UK,Regular,2022-10-26
C00258,Customer_258,France,Budget,2022-10-07
C00259,Customer_259,Germany,Regular,2023-04-29
C00260,Customer_260,UK,Regular,2023-07-19
C00261,Customer_261,UK,Regular,2022-07-15
C00262,Customer_262,France,Budget,2022-05-20
C00263,Customer_263,USA,Regular,2023-03-01
C00264,Customer_264,Canada,Budget,2022-10-01
C00265,Customer_265,USA,Regular,2022-11-02
C00266,Customer_266,France,Budget,2023-11-07
C00267,Customer_267,Germany,Premium,2023-04-03
C00268,Customer_268,France,Regular,2022-12-20
C00269,Customer_269,Canada,Budget,2023-07-11
C00270,Customer_270,Germany,Regular,2022-11-26
C00271,Customer_271,UK,Budget,2022-09-02
C00272,Customer_272,France,Regular,2022-08-28
C00273,Customer_273,Germany,Premium,2022-11-22
C00274,Customer_274,India,Regular,2023-12-24
C00275,Customer_275,Germany,Regular,2023-11-11
C00276,Customer_276,India,Premium,2023-05-23
C00277,Customer_277,USA,Premium,2023-05-30
C00278,Customer_278,France,Regular,2022-04-13
C00279,Customer_279,Germany,Premium,2023-06-23
C00280,Customer_280,Germany,Premium,2022-05-28
C00281,Customer_281,Germany,Budget,2022-06-08
C00282,Customer_282,USA,Regular,2022-09-29
C00283,Customer_283,Canada,Budget,2023-12-11
C00284,Customer_284,Germany,Budget,2022-03-24
C00285,Customer_285,Canada,Budget,2023-07-01
C00286,Customer_286,Germany,Regular,2023-10-04
C00287,Customer_287,India,Regular,2023-07-09
C00288,Customer_288,USA,Budget,2022-03-12
C00289,Customer_289,UK,Budget,2023-12-02
C00290,Customer_290,Canada,Premium,2022-04-03
C00291,Customer_291,Germany,Premium,2023-10-11
C00292,Customer_292,India,Premium,2023-03-31
C00293,Customer_293,UK,Budget,2022-11-03
C00294,Customer_294,USA,Premium,2022-11-29
C00295,Customer_295,USA,Regular,2023-01-03
C00296,Customer_296,Canada,Regular,2022-05-30
C00297,Customer_297,UK,Budget,2023-02-26
C00298,Customer_298,France,Budget,2022-07-04
C00299,Customer_299,UK,Premium,2022-03-22
C00300,Customer_300,France,Regular,2023-09-27
C00301,Customer_301,India,Premium,2023-05-25
C00302,Customer_302,France,Premium,2022-08-26
C00303,Customer_303,Germany,Budget,2022-09-18
C00304,Customer_304,Germany,Regular,2023-11-14
C00305,Customer_305,USA,Regular,2022-10-22
C00306,Customer_306,India,Budget,2022-06-11
C00307,Customer_307,USA,Regular,2022-12-20
C00308,Customer_308,France,Regular,2023-10-17
C00309,Customer_309,Germany,Budget,2022-09-14
C00310,Customer_310,Germany,Regular,2022-07-23
C00311,Customer_311,Germany,Regular,2022-04-20
C00312,Customer_312,UK,Regular,2023-08-09
C00313,Customer_313,Canada,Budget,2022-10-30
C00314,Customer_314,India,Regular,2022-01-23
C00315,Customer_315,India,Regular,2022-10-09
C00316,Customer_316,USA,Budget,2023-12-04
C00317,Customer_317,India,Premium,2023-09-13
C00318,Customer_318,India,Regular,2022-10-21
C00319,Customer_319,UK,Budget,2022-12-27
C00320,Customer_320,UK,Budget,2022-07-14
C00321,Customer_321,France,Regular,2023-11-26
C00322,Customer_322,India,Budget,2023-11-29
C00323,Customer_323,UK,Budget,2022-04-10
C00324,Customer_324,India,Budget,2022-02-10
C00325,Customer_325,Canada,Regular,2022-02-04
C00326,Customer_326,France,Regular,2022-05-15
C00327,Customer_327,USA,Regular,2022-12-01
C00328,Customer_328,India,Regular,2022-06-29
C00329,Customer_329,UK,Premium,2023-07-07
C00330,Customer_330,Canada,Budget,2023-05-29
C00331,Customer_331,Canada,Premium,2022-09-21
C00332,Customer_332,Germany,Regular,2022-12-13
C00333,Customer_333,USA,Regular,2022-03-19
C00334,Customer_334,UK,Premium,2023-11-24
C00335,Customer_335,India,Budget,2023-02-11
C00336,Customer_336,France,Regular,2022-04-03
C00337,Customer_337,Germany,Premium,2022-09-28
C00338,Customer_338,France,Premium,2023-04-11
C00339,Customer_339,Canada,Budget,2023-11-20
C00340,Customer_340,Canada,Budget,2023-01-26
C00341,Customer_341,India,Regular,2022-04-21
C00342,Customer_342,India,Premium,2023-04-28
C00343,Customer_343,USA,Budget,2023-07-29
C00344,Customer_344,Canada,Budget,2022-08-15
C00345,Customer_345,India,Premium,2023-10-13
C00346,Customer_346,Germany,Budget,2022-11-06
C00347,Customer_347,India,Regular,2022-04-30
C00348,Customer_348,UK,Premium,2022-02-08
C00349,Customer_349,Canada,Regular,2022-04-29
C00350,Customer_350,USA,Premium,2023-07-05
C00351,Customer_351,UK,Regular,2023-04-10
C00352,Customer_352,Canada,Budget,2023-12-15
C00353,Customer_353,France,Regular,2023-08-25
C00354,Customer_354,India,Budget,2022-06-08
C00355,Customer_355,Germany,Budget,2022-04-12
C00356,Customer_356,Germany,Budget,2023-02-22
C00357,Customer_357,Canada,Premium,2023-12-08
C00358,Customer_358,Canada,Premium,2023-03-31
C00359,Customer_359,Germany,Premium,2023-01-07
C00360,Customer_360,USA,Budget,2023-01-12
C00361,Customer_361,France,Budget,2023-01-03
C00362,Customer_362,USA,Regular,2022-10-10
C00363,Customer_363,UK,Premium,2023-04-11
C00364,Customer_364,USA,Budget,2022-08-06
C00365,Customer_365,India,Budget,2023-09-04
C00366,Customer_366,USA,Premium,2022-12-08
C00367,Customer_367,UK,Premium,2023-08-02
C00368,Customer_368,UK,Premium,2023-07-22
C00369,Customer_369,UK,Budget,2022-08-10
C00370,Customer_370,UK,Regular,2022-06-01
C00371,Customer_371,France,Premium,2022-10-11
C00372,Customer_372,UK,Premium,2023-07-08
C00373,Customer_373,Canada,Premium,2022-04-23
C00374,Customer_374,India,Premium,2022-05-15
C00375,Customer_375,USA,Regular,2022-09-01
C00376,Customer_376,France,Regular,2022-01-17
C00377,Customer_377,UK,Regular,2022-02-23
C00378,Customer_378,UK,Budget,2023-03-08
C00379,Customer_379,France,Premium,2022-03-07
C00380,Customer_380,Germany,Regular,2023-01-06
C00381,Customer_381,France,Budget,2022-04-22
C00382,Customer_382,Germany,Budget,2022-08-15
C00383,Customer_383,France,Premium,2023-11-06
C00384,Customer_384,France,Regular,2023-04-15
C00385,Customer_385,India,Premium,2022-03-04
C00386,Customer_386,Germany,Regular,2023-03-13
C00387,Customer_387,India,Premium,2023-05-18
C00388,Customer_388,India,Regular,2022-03-17
C00389,Customer_389,USA,Regular,2023-09-15
C00390,Customer_390,UK,Premium,2022-05-10
C00391,Customer_391,Canada,Budget,2023-10-11
C00392,Customer_392,France,Budget,2023-12-31
C00393,Customer_393,Canada,Regular,2023-09-04
C00394,Customer_394,France,Regular,2023-04-10
C00395,Customer_395,France,Budget,2023-03-17
C00396,Customer_396,USA,Budget,2022-04-28
C00397,Customer_397,India,Budget,2023-07-19
C00398,Customer_398,India,Premium,2023-03-17
C00399,Customer_399,Germany,Premium,2023-02-28
C00400,Customer_400,Canada,Regular,2023-02-13
C00401,Customer_401,Germany,Budget,2022-04-08
C00402,Customer_402,Canada,Regular,2022-11-17
C00403,Customer_403,India,Regular,2023-01-19
C00404,Customer_404,UK,Budget,2023-05-01
C00405,Customer_405,USA,Premium,2022-03-29
C00406,Customer_406,USA,Regular,2022-04-09
C00407,Customer_407,India,Budget,2023-01-17
C00408,Customer_408,UK,Budget,2022-03-03
C00409,Customer_409,France,Budget,2023-07-30
C00410,Customer_410,Canada,Budget,2022-05-06
C00411,Customer_411,Germany,Regular,2023-11-13
C00412,Customer_412,Germany,Budget,2022-02-22
C00413,Customer_413,Canada,Budget,2022-11-16
C00414,Customer_414,Canada,Premium,2023-08-15
C00415,Customer_415,France,Premium,2022-06-08
C00416,Customer_416,India,Regular,2022-08-18
C00417,Customer_417,USA,Regular,2023-07-24
C00418,Customer_418,Canada,Premium,2022-10-13
C00419,Customer_419,France,Premium,2023-03-16
C00420,Customer_420,France,Budget,2023-09-21
C00421,Customer_421,India,Budget,2023-07-25
C00422,Customer_422,USA,Budget,2023-11-05
C00423,Customer_423,India,Regular,2022-01-30
C00424,Customer_424,UK,Regular,2023-12-21
C00425,Customer_425,Canada,Regular,2022-12-26
C00426,Customer_426,USA,Premium,2022-05-27
C00427,Customer_427,France,Budget,2023-02-15
C00428,Customer_428,USA,Premium,2023-10-11
C00429,Customer_429,USA,Premium,2023-06-28
C00430,Customer_430,UK,Regular,2023-03-06
C00431,Customer_431,Germany,Regular,2022-06-11
C00432,Customer_432,Canada,Regular,2022-11-29
C00433,Customer_433,France,Budget,2022-03-28
C00434,Customer_434,USA,Premium,2022-06-11
C00435,Customer_435,France,Premium,2023-11-22
C00436,Customer_436,USA,Regular,2023-03-30
C00437,Customer_437,India,Regular,2023-05-13
C00438,Customer_438,France,Regular,2023-03-01
C00439,Customer_439,Canada,Premium,2023-06-09
C00440,Customer_440,USA,Regular,2023-03-17
C00441,Customer_441,USA,Regular,2023-11-26
C00442,Customer_442,India,Budget,2023-05-14
C00443,Customer_443,France,Budget,2022-11-12
C00444,Customer_444,USA,Premium,2023-02-09
C00445,Customer_445,France,Premium,2022-01-08
C00446,Customer_446,UK,Regular,2022-08-05
C00447,Customer_447,UK,Regular,2022-10-24
C00448,Customer_448,Canada,Premium,2022-01-08
C00449,Customer_449,Germany,Budget,2023-03-17
C00450,Customer_450,UK,Premium,2023-01-25
C00451,Customer_451,France,Budget,2022-08-24
C00452,Customer_452,France,Budget,2023-11-16
C00453,Customer_453,Canada,Premium,2023-02-11
C00454,Customer_454,India,Premium,2023-03-23
C00455,Customer_455,USA,Regular,2022-03-21
C00456,Customer_456,Canada,Budget,2023-03-16
C00457,Customer_457,France,Regular,2023-12-28
C00458,Customer_458,India,Regular,2022-10-24
C00459,Customer_459,USA,Regular,2022-01-22
C00460,Customer_460,Canada,Premium,2023-09-25
C00461,Customer_461,Germany,Budget,2023-01-06
C00462,Customer_462,USA,Regular,2022-04-19
C00463,Customer_463,UK,Regular,2023-08-27
C00464,Customer_464,Germany,Budget,2022-03-22
C00465,Customer_465,Germany,Regular,2022-12-14
C00466,Customer_466,UK,Regular,2022-06-22
C00467,Customer_467,USA,Budget,2023-10-11
C00468,Customer_468,USA,Budget,2023-06-07
C00469,Customer_469,UK,Regular,2022-12-26
C00470,Customer_470,India,Budget,2022-06-01
C00471,Customer_471,UK,Premium,2022-05-30
C00472,Customer_472,Canada,Premium,2022-06-27
C00473,Customer_473,France,Premium,2023-11-03
C00474,Customer_474,USA,Premium,2023-10-06
C00475,Customer_475,Germany,Regular,2023-08-01
C00476,Customer_476,France,Regular,2023-11-29
C00477,Customer_477,France,Budget,2023-10-13
C00478,Customer_478,France,Regular,2023-10-05
C00479,Customer_479,Canada,Premium,2023-03-27
C00480,Customer_480,USA,Regular,2023-03-29
C00481,Customer_481,India,Regular,2022-10-09
C00482,Customer_482,France,Premium,2022-12-27
C00483,Customer_483,France,Premium,2022-11-14
C00484,Customer_484,Germany,Regular,2022-02-08
C00485,Customer_485,USA,Regular,2022-10-21
C00486,Customer_486,USA,Budget,2022-04-03
C00487,Customer_487,France,Budget,2023-06-04
C00488,Customer_488,Germany,Regular,2023-08-18
C00489,Customer_489,France,Budget,2022-02-12
C00490,Customer_490,Germany,Budget,2023-10-30
C00491,Customer_491,UK,Regular,2023-09-12
C00492,Customer_492,Germany,Budget,2022-06-04
C00493,Customer_493,USA,Regular,2022-04-16
C00494,Customer_494,Canada,Budget,2022-03-28
C00495,Customer_495,France,Budget,2022-06-26
C00496,Customer_496,USA,Premium,2023-12-26
C00497,Customer_497,Germany,Regular,2023-06-21
C00498,Customer_498,France,Budget,2022-06-12
C00499,Customer_499,Canada,Regular,2022-10-17
C00500,Customer_500,Germany,Regular,2022-12-13
C00501,Customer_501,India,Budget,2022-02-23
C00502,Customer_502,India,Budget,2022-12-09
C00503,Customer_503,USA,Regular,2022-04-07
C00504,Customer_504,France,Budget,2023-01-31
C00505,Customer_505,Canada,Regular,2023-11-04
C00506,Customer_506,France,Premium,2022-12-08
C00507,Customer_507,USA,Budget,2023-11-11
C00508,Customer_508,UK,Regular,2022-11-14
C00509,Customer_509,India,Budget,2023-11-10
C00510,Customer_510,Germany,Premium,2023-09-02
C00511,Customer_511,India,Premium,2022-11-14
C00512,Customer_512,France,Regular,2023-10-21
C00513,Customer_513,Canada,Premium,2023-11-18
C00514,Customer_514,India,Budget,2023-12-03
C00515,Customer_515,France,Premium,2023-10-24
C00516,Customer_516,India,Regular,2023-06-05
C00517,Customer_517,Canada,Premium,2023-01-07
C00518,Customer_518,Canada,Premium,2022-08-08
C00519,Customer_519,Canada,Regular,2022-07-16
C00520,Customer_520,UK,Premium,2022-06-08
C00521,Customer_521,USA,Regular,2022-04-14
C00522,Customer_522,France,Budget,2023-06-24
C00523,Customer_523,USA,Budget,2022-12-11
C00524,Customer_524,France,Premium,2023-09-04
C00525,Customer_525,Germany,Premium,2022-06-16
C00526,Customer_526,UK,Budget,2023-10-02
C00527,Customer_527,UK,Budget,2023-03-25
C00528,Customer_528,USA,Regular,2023-01-09
C00529,Customer_529,India,Budget,2022-09-01
C00530,Customer_530,Germany,Budget,2022-10-19
C00531,Customer_531,India,Regular,2022-08-28
C00532,Customer_532,France,Premium,2022-11-13
C00533,Customer_533,Germany,Premium,2023-01-12
C00534,Customer_534,India,Budget,2023-03-28
C00535,Customer_535,Germany,Regular,2023-01-27
C00536,Customer_536,France,Budget,2023-03-05
C00537,Customer_537,UK,Premium,2023-09-12
C00538,Customer_538,UK,Regular,2022-02-23
C00539,Customer_539,India,Regular,2023-01-16
C00540,Customer_540,France,Premium,2023-12-30
C00541,Customer_541,France,Premium,2022-10-19
C00542,Customer_542,USA,Premium,2022-10-07
C00543,Customer_543,Germany,Budget,2022-05-31
C00544,Customer_544,Germany,Premium,2022-08-16
C00545,Customer_545,Germany,Regular,2022-01-28
C00546,Customer_546,Germany,Premium,2023-02-10
C00547,Customer_547,France,Regular,2022-08-30
C00548,Customer_548,Germany,Premium,2023-01-19
C00549,Customer_549,UK,Premium,2022-11-23
C00550,Customer_550,USA,Budget,2023-10-28
C00551,Customer_551,Canada,Premium,2022-05-21
C00552,Customer_552,USA,Regular,2023-04-29
C00553,Customer_553,India,Premium,2023-12-24
C00554,Customer_554,Germany,Regular,2023-09-23
C00555,Customer_555,USA,Premium,2022-01-20
C00556,Customer_556,Canada,Premium,2022-06-03
C00557,Customer_557,France,Budget,2023-09-16
C00558,Customer_558,France,Regular,2022-04-24
C00559,Customer_559,Canada,Premium,2022-11-05
C00560,Customer_560,USA,Premium,2022-09-02
C00561,Customer_561,Germany,Budget,2023-09-30
C00562,Customer_562,Germany,Premium,2022-04-24
C00563,Customer_563,Germany,Budget,2023-07-03
C00564,Customer_564,USA,Budget,2023-06-12
C00565,Customer_565,France,Premium,2022-05-28
C00566,Customer_566,Canada,Regular,2022-01-02
C00567,Customer_567,France,Regular,2022-09-04
C00568,Customer_568,France,Regular,2022-07-11
C00569,Customer_569,India,Budget,2022-03-29
C00570,Customer_570,France,Regular,2022-03-11
C00571,Customer_571,France,Budget,2023-06-04
C00572,Customer_572,France,Budget,2022-01-21
C00573,Customer_573,Germany,Regular,2022-02-14
C00574,Customer_574,India,Regular,2023-01-18
C00575,Customer_575,Canada,Budget,2022-01-17
C00576,Customer_576,Canada,Premium,2022-12-20
C00577,Customer_577,UK,Budget,2023-11-04
C00578,Customer_578,India,Premium,2023-08-19
C00579,Customer_579,India,Regular,2022-05-17
C00580,Customer_580,USA,Regular,2023-07-14
C00581,Customer_581,Canada,Budget,2022-06-29
C00582,Customer_582,India,Regular,2023-12-14
C00583,Customer_583,Germany,Budget,2022-07-06
C00584,Customer_584,UK,Premium,2023-04-14
C00585,Customer_585,USA,Regular,2022-07-26
C00586,Customer_586,USA,Premium,2022-02-12
C00587,Customer_587,Canada,Regular,2023-06-12
C00588,Customer_588,Germany,Budget,2023-04-30
C00589,Customer_589,Canada,Premium,2023-10-25
C00590,Customer_590,UK,Regular,2023-01-01
C00591,Customer_591,USA,Budget,2022-12-06
C00592,Customer_592,Canada,Premium,2023-01-12
C00593,Customer_593,Germany,Regular,2023-03-27
C00594,Customer_594,Germany,Regular,2022-07-11
C00595,Customer_595,Germany,Budget,2023-05-25
C00596,Customer_596,Canada,Budget,2022-10-01
C00597,Customer_597,USA,Budget,2023-03-11
C00598,Customer_598,USA,Regular,2023-09-09
C00599,Customer_599,UK,Budget,2022-10-28
C00600,Customer_600,Canada,Premium,2022-03-23
C00601,Customer_601,Canada,Budget,2022-10-30
C00602,Customer_602,Canada,Regular,2023-09-10
C00603,Customer_603,India,Regular,2022-06-20
C00604,Customer_604,India,Regular,2022-12-26
C00605,Customer_605,Germany,Premium,2022-12-28
C00606,Customer_606,France,Regular,2022-10-09
C00607,Customer_607,India,Premium,2022-03-18
C00608,Customer_608,India,Budget,2023-02-20
C00609,Customer_609,Canada,Budget,2023-11-27
C00610,Customer_610,UK,Premium,2022-05-27
C00611,Customer_611,France,Budget,2023-03-25
C00612,Customer_612,USA,Premium,2022-03-10
C00613,Customer_613,UK,Budget,2023-01-11
C00614,Customer_614,Canada,Regular,2023-08-04
C00615,Customer_615,USA,Budget,2022-06-07
C00616,Customer_616,India,Regular,2023-01-15
C00617,Customer_617,Canada,Regular,2022-03-20
C00618,Customer_618,France,Premium,2023-06-27
C00619,Customer_619,Canada,Regular,2022-11-18
C00620,Customer_620,India,Regular,2022-09-13
C00621,Customer_621,USA,Premium,2022-07-10
C00622,Customer_622,Germany,Budget,2023-02-01
C00623,Customer_623,France,Premium,2022-09-26
C00624,Customer_624,Canada,Budget,2023-04-02
C00625,Customer_625,UK,Budget,2022-10-20
C00626,Customer_626,India,Regular,2022-07-24
C00627,Customer_627,USA,Premium,2022-03-17
C00628,Customer_628,Germany,Premium,2024-01-01
C00629,Customer_629,Germany,Premium,2023-11-30
C00630,Customer_630,Canada,Budget,2022-12-22
C00631,Customer_631,India,Premium,2023-07-18
C00632,Customer_632,France,Regular,2022-11-04
C00633,Customer_633,UK,Budget,2023-12-28
C00634,Customer_634,India,Budget,2022-06-28
C00635,Customer_635,Canada,Budget,2022-08-18
C00636,Customer_636,USA,Premium,2022-05-23
C00637,Customer_637,UK,Regular,2022-01-27
C00638,Customer_638,Canada,Budget,2023-08-10
C00639,Customer_639,Canada,Regular,2023-07-19
C00640,Customer_640,UK,Budget,2022-03-30
C00641,Customer_641,USA,Regular,2023-02-12
C00642,Customer_642,India,Budget,2023-05-06
C00643,Customer_643,France,Regular,2023-02-24
C00644,Customer_644,France,Premium,2022-05-09
C00645,Customer_645,Canada,Budget,2022-03-17
C00646,Customer_646,Germany,Regular,2023-11-28
C00647,Customer_647,France,Regular,2022-05-12
C00648,Customer_648,France,Budget,2023-08-25
C00649,Customer_649,UK,Premium,2023-03-20
C00650,Customer_650,France,Premium,2022-05-08
C00651,Customer_651,France,Premium,2022-11-08
C00652,Customer_652,UK,Premium,2022-11-27
C00653,Customer_653,India,Premium,2022-12-21
C00654,Customer_654,France,Regular,2022-03-22
C00655,Customer_655,Canada,Premium,2023-10-13
C00656,Customer_656,France,Regular,2022-05-09
C00657,Customer_657,India,Regular,2023-09-22
C00658,Customer_658,France,Premium,2023-05-30
C00659,Customer_659,India,Premium,2023-08-30
C00660,Customer_660,France,Premium,2022-06-25
C00661,Customer_661,India,Budget,2023-09-12
C00662,Customer_662,Canada,Budget,2022-02-12
C00663,Customer_663,USA,Premium,2022-02-16
C00664,Customer_664,India,Budget,2022-09-29
C00665,Customer_665,India,Premium,2023-08-09
C00666,Customer_666,Germany,Budget,2023-10-17
C00667,Customer_667,USA,Regular,2023-10-05
C00668,Customer_668,France,Regular,2023-10-20
C00669,Customer_669,Canada,Regular,2022-09-08
C00670,Customer_670,India,Regular,2022-11-01
C00671,Customer_671,Germany,Premium,2023-12-07
C00672,Customer_672,USA,Premium,2023-03-27
C00673,Customer_673,Germany,Regular,2023-04-21
C00674,Customer_674,UK,Regular,2023-09-14
C00675,Customer_675,UK,Regular,2022-11-23
C00676,Customer_676,India,Regular,2023-02-13
C00677,Customer_677,UK,Regular,2023-06-12
C00678,Customer_678,France,Premium,2022-11-23
C00679,Customer_679,UK,Regular,2022-05-06
C00680,Customer_680,Canada,Regular,2022-09-11
C00681,Customer_681,UK,Premium,2022-02-21
C00682,Customer_682,Canada,Regular,2023-09-23
C00683,Customer_683,Germany,Premium,2022-06-13
C00684,Customer_684,Canada,Budget,2022-11-17
C00685,Customer_685,UK,Premium,2023-05-26
C00686,Customer_686,France,Regular,2023-05-26
C00687,Customer_687,Canada,Regular,2022-01-24
C00688,Customer_688,USA,Regular,2023-06-02
C00689,Customer_689,Germany,Premium,2022-08-09
C00690,Customer_690,France,Regular,2022-02-19
C00691,Customer_691,USA,Regular,2023-05-22
C00692,Customer_692,France,Budget,2023-11-20
C00693,Customer_693,Germany,Regular,2023-07-04
C00694,Customer_694,USA,Premium,2023-03-18
C00695,Customer_695,UK,Regular,2023-01-10
C00696,Customer_696,Germany,Regular,2022-02-16
C00697,Customer_697,Germany,Premium,2023-08-07
C00698,Customer_698,France,Premium,2023-01-07
C00699,Customer_699,France,Regular,2022-03-17
C00700,Customer_700,Germany,Budget,2023-04-07
C00701,Customer_701,France,Regular,2023-10-01
C00702,Customer_702,India,Budget,2022-05-02
C00703,Customer_703,UK,Premium,2023-02-08
C00704,Customer_704,Canada,Regular,2023-07-26
C00705,Customer_705,Canada,Premium,2022-07-23
C00706,Customer_706,France,Budget,2023-02-16
C00707,Customer_707,France,Premium,2022-02-16
C00708,Customer_708,USA,Premium,2024-01-01
C00709,Customer_709,Canada,Regular,2023-06-16
C00710,Customer_710,Germany,Premium,2023-09-13
C00711,Customer_711,France,Premium,2022-12-02
C00712,Customer_712,France,Regular,2022-06-16
C00713,Customer_713,Germany,Budget,2022-11-03
C00714,Customer_714,France,Regular,2023-06-04
C00715,Customer_715,France,Budget,2023-05-17
C00716,Customer_716,India,Budget,2022-11-03
C00717,Customer_717,Germany,Premium,2023-01-13
C00718,Customer_718,Canada,Budget,2022-04-23
C00719,Customer_719,Germany,Budget,2022-11-12
C00720,Customer_720,India,Budget,2023-10-07
C00721,Customer_721,USA,Budget,2023-05-01
C00722,Customer_722,Canada,Budget,2023-08-16
C00723,Customer_723,France,Premium,2022-02-22
C00724,Customer_724,France,Regular,2022-06-24
C00725,Customer_725,France,Budget,2023-09-27
C00726,Customer_726,Germany,Premium,2023-11-29
C00727,Customer_727,UK,Premium,2023-08-10
C00728,Customer_728,India,Premium,2022-07-15
C00729,Customer_729,USA,Regular,2022-11-18
C00730,Customer_730,Germany,Premium,2023-02-27
C00731,Customer_731,India,Premium,2023-02-25
C00732,Customer_732,France,Budget,2023-04-28
C00733,Customer_733,India,Budget,2022-03-05
C00734,Customer_734,India,Premium,2023-06-16
C00735,Customer_735,UK,Budget,2022-11-29
C00736,Customer_736,India,Regular,2023-06-23
C00737,Customer_737,Germany,Regular,2022-06-27
C00738,Customer_738,Germany,Budget,2022-12-17
C00739,Customer_739,France,Regular,2023-11-24
C00740,Customer_740,India,Budget,2023-10-21
C00741,Customer_741,India,Regular,2023-09-17
C00742,Customer_742,Germany,Premium,2022-09-10
C00743,Customer_743,Canada,Budget,2022-11-02
C00744,Customer_744,UK,Regular,2022-10-23
C00745,Customer_745,India,Premium,2023-12-08
C00746,Customer_746,India,Regular,2022-11-21
C00747,Customer_747,Germany,Regular,2023-07-28
C00748,Customer_748,India,Regular,2022-10-22
C00749,Customer_749,USA,Budget,2023-11-24
C00750,Customer_750,France,Regular,2023-02-09
C00751,Customer_751,Canada,Premium,2022-10-25
C00752,Customer_752,USA,Regular,2022-03-22
C00753,Customer_753,Canada,Regular,2023-11-03
C00754,Customer_754,Canada,Budget,2023-05-06
C00755,Customer_755,UK,Premium,2023-07-06
C00756,Customer_756,Canada,Budget,2023-12-14
C00757,Customer_757,Canada,Premium,2022-04-22
C00758,Customer_758,France,Budget,2023-08-24
C00759,Customer_759,UK,Premium,2022-02-21
C00760,Customer_760,India,Budget,2022-08-20
C00761,Customer_761,India,Premium,2022-02-23
C00762,Customer_762,USA,Regular,2022-12-05
C00763,Customer_763,India,Regular,2022-04-13
C00764,Customer_764,India,Premium,2022-01-06
C00765,Customer_765,France,Premium,2023-02-21
C00766,Customer_766,India,Regular,2023-05-04
C00767,Customer_767,India,Premium,2022-10-22
C00768,Customer_768,Canada,Regular,2023-10-24
C00769,Customer_769,USA,Premium,2023-10-30
C00770,Customer_770,France,Premium,2023-07-02
C00771,Customer_771,India,Budget,2022-02-08
C00772,Customer_772,UK,Regular,2022-06-30
C00773,Customer_773,USA,Regular,2023-05-23
C00774,Customer_774,UK,Budget,2022-10-24
C00775,Customer_775,USA,Premium,2022-11-02
C00776,Customer_776,France,Budget,2022-04-20
C00777,Customer_777,Canada,Regular,2023-04-11
C00778,Customer_778,India,Budget,2023-06-21
C00779,Customer_779,Germany,Premium,2023-06-01
C00780,Customer_780,Germany,Regular,2022-07-17
C00781,Customer_781,USA,Regular,2022-06-16
C00782,Customer_782,India,Regular,2023-10-26
C00783,Customer_783,Canada,Budget,2022-07-10
C00784,Customer_784,USA,Budget,2022-12-12
C00785,Customer_785,Canada,Budget,2023-11-22
C00786,Customer_786,UK,Premium,2023-09-18
C00787,Customer_787,India,Regular,2023-03-14
C00788,Customer_788,France,Regular,2022-03-30
C00789,Customer_789,Germany,Budget,2022-04-08
C00790,Customer_790,UK,Premium,2023-05-04
C00791,Customer_791,Canada,Premium,2022-01-07
C00792,Customer_792,Canada,Regular,2022-08-30
C00793,Customer_793,Germany,Regular,2022-12-04
C00794,Customer_794,Canada,Budget,2023-08-10
C00795,Customer_795,USA,Regular,2023-11-01
C00796,Customer_796,Canada,Budget,2022-08-30
C00797,Customer_797,USA,Budget,2022-05-02
C00798,Customer_798,Germany,Regular,2022-06-13
C00799,Customer_799,Germany,Budget,2023-05-30
C00800,Customer_800,India,Regular,2023-12-08
C00801,Customer_801,USA,Budget,2022-10-30
C00802,Customer_802,Canada,Budget,2022-08-15
C00803,Customer_803,UK,Premium,2023-05-05
C00804,Customer_804,UK,Regular,2023-09-13
C00805,Customer_805,Canada,Regular,2023-12-20
C00806,Customer_806,France,Regular,2023-07-05
C00807,Customer_807,India,Premium,2022-09-11
C00808,Customer_808,India,Budget,2022-03-25
C00809,Customer_809,France,Regular,2023-06-25
C00810,Customer_810,India,Regular,2022-03-21
C00811,Customer_811,France,Premium,2022-03-05
C00812,Customer_812,France,Budget,2022-07-27
C00813,Customer_813,France,Budget,2022-06-03
C00814,Customer_814,UK,Regular,2023-06-17
C00815,Customer_815,Germany,Premium,2023-11-28
C00816,Customer_816,UK,Budget,2023-08-21
C00817,Customer_817,Germany,Premium,2023-06-07
C00818,Customer_818,Germany,Premium,2023-04-10
C00819,Customer_819,UK,Budget,2023-03-02
C00820,Customer_820,Germany,Budget,2022-03-01
C00821,Customer_821,France,Regular,2023-11-20
C00822,Customer_822,Canada,Budget,2022-01-23
C00823,Customer_823,Germany,Regular,2022-01-04
C00824,Customer_824,India,Premium,2023-08-16
C00825,Customer_825,USA,Premium,2023-03-10
C00826,Customer_826,Canada,Budget,2022-03-07
C00827,Customer_827,France,Premium,2022-03-12
C00828,Customer_828,Germany,Premium,2022-10-21
C00829,Customer_829,Germany,Premium,2022-05-19
C00830,Customer_830,India,Budget,2023-10-24
C00831,Customer_831,Germany,Regular,2023-01-27
C00832,Customer_832,Germany,Regular,2023-01-20
C00833,Customer_833,USA,Budget,2023-11-09
C00834,Customer_834,France,Premium,2023-11-01
C00835,Customer_835,Canada,Premium,2022-07-02
C00836,Customer_836,France,Regular,2023-06-26
C00837,Customer_837,UK,Budget,2022-08-17
C00838,Customer_838,USA,Premium,2022-11-02
C00839,Customer_839,Germany,Budget,2023-07-12
C00840,Customer_840,Germany,Budget,2023-01-24
C00841,Customer_841,UK,Premium,2023-04-17
C00842,Customer_842,Canada,Premium,2022-10-10
C00843,Customer_843,UK,Budget,2022-04-26
C00844,Customer_844,USA,Budget,2023-03-06
C00845,Customer_845,France,Premium,2022-09-04
C00846,Customer_846,UK,Premium,2022-04-14
C00847,Customer_847,France,Premium,2023-04-03
C00848,Customer_848,France,Budget,2023-12-22
C00849,Customer_849,USA,Premium,2022-02-15
C00850,Customer_850,Germany,Regular,2022-08-28
C00851,Customer_851,France,Premium,2022-02-27
C00852,Customer_852,UK,Budget,2022-10-24
C00853,Customer_853,UK,Budget,2023-08-13
C00854,Customer_854,Canada,Budget,2023-09-05
C00855,Customer_855,India,Regular,2022-08-31
C00856,Customer_856,Canada,Premium,2023-11-08
C00857,Customer_857,France,Premium,2023-02-28
C00858,Customer_858,Canada,Regular,2022-03-04
C00859,Customer_859,France,Budget,2022-06-29
C00860,Customer_860,India,Budget,2023-03-14
C00861,Customer_861,France,Regular,2022-02-18
C00862,Customer_862,Canada,Budget,2023-11-19
C00863,Customer_863,Germany,Budget,2022-11-23
C00864,Customer_864,India,Regular,2023-02-23
C00865,Customer_865,UK,Regular,2023-01-21
C00866,Customer_866,UK,Budget,2023-04-30
C00867,Customer_867,UK,Premium,2022-11-04
C00868,Customer_868,India,Premium,2023-04-20
C00869,Customer_869,USA,Budget,2023-02-27
C00870,Customer_870,Germany,Budget,2023-06-27
C00871,Customer_871,UK,Regular,2022-09-06
C00872,Customer_872,Canada,Premium,2022-12-05
C00873,Customer_873,India,Premium,2023-04-06
C00874,Customer_874,Canada,Premium,2023-07-03
C00875,Customer_875,India,Premium,2022-02-22
C00876,Customer_876,Canada,Regular,2023-11-21
C00877,Customer_877,France,Budget,2022-02-10
C00878,Customer_878,USA,Premium,2023-08-25
C00879,Customer_879,India,Budget,2023-07-27
C00880,Customer_880,UK,Regular,2022-08-02
C00881,Customer_881,Canada,Regular,2022-01-16
C00882,Customer_882,UK,Premium,2022-05-01
C00883,Customer_883,India,Regular,2022-09-06
C00884,Customer_884,India,Budget,2023-12-22
C00885,Customer_885,UK,Regular,2022-09-03
C00886,Customer_886,France,Regular,2022-10-17
C00887,Customer_887,Germany,Regular,2023-07-01
C00888,Customer_888,India,Regular,2022-11-12
C00889,Customer_889,Canada,Regular,2023-06-10
C00890,Customer_890,Germany,Regular,2022-04-11
C00891,Customer_891,India,Regular,2022-11-24
C00892,Customer_892,UK,Regular,2022-11-17
C00893,Customer_893,Germany,Premium,2023-07-31
C00894,Customer_894,UK,Budget,2022-05-30
C00895,Customer_895,USA,Regular,2023-07-21
C00896,Customer_896,France,Budget,2023-03-04
C00897,Customer_897,Canada,Premium,2022-07-20
C00898,Customer_898,Canada,Premium,2023-01-24
C00899,Customer_899,France,Premium,2023-05-27
C00900,Customer_900,France,Budget,2023-12-03
C00901,Customer_901,Canada,Regular,2023-05-16
C00902,Customer_902,India,Budget,2023-05-18
C00903,Customer_903,Germany,Premium,2022-12-27
C00904,Customer_904,UK,Premium,2023-07-14
C00905,Customer_905,Germany,Premium,2023-07-10
C00906,Customer_906,India,Premium,2023-06-21
C00907,Customer_907,USA,Premium,2023-11-16
C00908,Customer_908,USA,Premium,2023-02-27
C00909,Customer_909,UK,Budget,2022-08-25
C00910,Customer_910,USA,Budget,2022-06-04
C00911,Customer_911,USA,Premium,2023-06-02
C00912,Customer_912,Germany,Regular,2022-03-03
C00913,Customer_913,France,Budget,2023-11-14
C00914,Customer_914,France,Regular,2023-11-07
C00915,Customer_915,Germany,Premium,2022-01-07
C00916,Customer_916,France,Budget,2023-02-26
C00917,Customer_917,USA,Premium,2023-06-27
C00918,Customer_918,India,Regular,2023-07-03
C00919,Customer_919,Canada,Premium,2023-05-30
C00920,Customer_920,India,Budget,2023-03-17
C00921,Customer_921,UK,Premium,2022-04-09
C00922,Customer_922,France,Premium,2022-09-04
C00923,Customer_923,UK,Budget,2023-06-24
C00924,Customer_924,Canada,Regular,2022-10-01
C00925,Customer_925,Germany,Premium,2023-01-18
C00926,Customer_926,Germany,Regular,2023-08-02
C00927,Customer_927,UK,Budget,2022-08-20
C00928,Customer_928,Canada,Budget,2022-03-24
C00929,Customer_929,India,Budget,2022-02-02
C00930,Customer_930,USA,Regular,2023-01-24
C00931,Customer_931,Germany,Budget,2023-05-03
C00932,Customer_932,USA,Budget,2022-01-10
C00933,Customer_933,India,Premium,2022-03-26
C00934,Customer_934,Germany,Regular,2023-10-23
C00935,Customer_935,Canada,Budget,2022-04-08
C00936,Customer_936,France,Premium,2022-08-24
C00937,Customer_937,UK,Budget,2023-08-04
C00938,Customer_938,Germany,Regular,2022-02-17
C00939,Customer_939,USA,Budget,2022-10-15
C00940,Customer_940,France,Budget,2023-11-05
C00941,Customer_941,USA,Premium,2022-11-19
C00942,Customer_942,USA,Premium,2023-08-25
C00943,Customer_943,UK,Budget,2023-02-12
C00944,Customer_944,USA,Regular,2022-06-16
C00945,Customer_945,France,Premium,2023-08-04
C00946,Customer_946,Germany,Budget,2023-07-08
C00947,Customer_947,Canada,Regular,2022-05-24
C00948,Customer_948,India,Budget,2022-03-22
C00949,Customer_949,France,Budget,2022-12-21
C00950,Customer_950,USA,Premium,2023-03-24
C00951,Customer_951,UK,Premium,2022-12-15
C00952,Customer_952,France,Budget,2023-09-02
C00953,Customer_953,Germany,Regular,2022-01-31
C00954,Customer_954,India,Regular,2023-04-07
C00955,Customer_955,Germany,Premium,2022-12-31
C00956,Customer_956,France,Regular,2023-03-19
C00957,Customer_957,UK,Budget,2023-08-23
C00958,Customer_958,India,Regular,2022-03-29
C00959,Customer_959,France,Regular,2022-09-10
C00960,Customer_960,India,Premium,2022-03-26
C00961,Customer_961,Canada,Premium,2023-01-25
C00962,Customer_962,India,Budget,2022-06-07
C00963,Customer_963,India,Regular,2022-11-21
C00964,Customer_964,Canada,Premium,2022-04-04
C00965,Customer_965,USA,Regular,2023-04-01
C00966,Customer_966,Canada,Regular,2022-04-15
C00967,Customer_967,UK,Premium,2022-07-11
C00968,Customer_968,Germany,Regular,2023-07-25
C00969,Customer_969,France,Budget,2023-02-22
C00970,Customer_970,USA,Premium,2022-04-02
C00971,Customer_971,Canada,Budget,2022-04-06
C00972,Customer_972,France,Budget,2022-11-29
C00973,Customer_973,Germany,Premium,2022-10-26
C00974,Customer_974,Germany,Regular,2022-03-28
C00975,Customer_975,India,Budget,2022-09-06
C00976,Customer_976,France,Budget,2022-06-23
C00977,Customer_977,India,Regular,2022-06-23
C00978,Customer_978,UK,Regular,2022-11-05
C00979,Customer_979,Canada,Regular,2022-05-30
C00980,Customer_980,USA,Premium,2023-03-22
C00981,Customer_981,Canada,Regular,2022-11-03
C00982,Customer_982,Germany,Premium,2023-01-05
C00983,Customer_983,Canada,Premium,2023-10-03
C00984,Customer_984,Germany,Budget,2023-09-24
C00985,Customer_985,UK,Regular,2022-04-20
C00986,Customer_986,UK,Regular,2022-01-07
C00987,Customer_987,Germany,Regular,2023-09-28
C00988,Customer_988,Germany,Regular,2023-03-27
C00989,Customer_989,Canada,Regular,2023-10-29
C00990,Customer_990,France,Premium,2022-11-04
C00991,Customer_991,Canada,Budget,2023-12-13
C00992,Customer_992,UK,Regular,2022-11-18
C00993,Customer_993,UK,Regular,2022-11-23
C00994,Customer_994,Canada,Budget,2023-12-13
C00995,Customer_995,India,Regular,2023-08-13
C00996,Customer_996,UK,Regular,2023-01-21
C00997,Customer_997,Canada,Regular,2023-01-09
C00998,Customer_998,USA,Budget,2022-07-24
C00999,Customer_999,France,Budget,2022-07-04
C01000,Customer_1000,India,Budget,2022-01-28
