transaction_id,store_id,product_id,customer_id,transaction_date,quantity,price
T1000000,S021,P0003,C00886,2025-01-19,9,11.72
T1000001,S010,P0182,C00565,2024-11-11,3,105.74
T1000002,S021,P0126,C00287,2024-01-13,9,493.49
T1000003,S021,P0098,C00855,2024-01-09,5,162.79
T1000004,S003,P0089,C00825,2024-03-20,3,239.18
T1000005,S003,P0016,C00681,2024-09-23,9,248.55
T1000006,S003,P0184,C00375,2024-06-23,6,125.63
T1000007,S011,P0017,C00045,2024-10-26,4,470.36
T1000008,S005,P0026,C00241,2024-03-14,6,420.84
T1000009,S012,P0064,C00315,2025-04-04,8,110.7
T1000010,S015,P0102,C00986,2024-04-23,2,129.9
T1000011,S004,P0118,C00074,2024-03-19,5,299.3
T1000012,S021,P0118,C00646,2025-02-28,6,495.73
T1000013,S021,P0109,C00536,2024-06-27,2,81.45
